<?xml version='1.0' encoding='UTF-8' ?>
<beans xmlns="http://www.springframework.org/schema/beans"
       xmlns:xsi="http://www.w3.org/2001/XMLSchema-instance"
       xmlns:p="http://www.springframework.org/schema/p"
       xmlns:aop="http://www.springframework.org/schema/aop"
       xmlns:tx="http://www.springframework.org/schema/tx"
       xmlns:context="http://www.springframework.org/schema/context"
       xmlns:mvc="http://www.springframework.org/schema/mvc"
       
       xsi:schemaLocation="http://www.springframework.org/schema/beans 
            http://www.springframework.org/schema/beans/spring-beans-4.3.xsd
       http://www.springframework.org/schema/aop http://www.springframework.org/schema/aop/spring-aop-4.3.xsd
       http://www.springframework.org/schema/tx http://www.springframework.org/schema/tx/spring-tx-4.3.xsd
        http://www.springframework.org/schema/context
        http://www.springframework.org/schema/context/spring-context-4.3.xsd
        http://www.springframework.org/schema/mvc
        http://www.springframework.org/schema/mvc/spring-mvc-3.0.xsd">
    
<!--    To enable Annotation in this program-->
    <mvc:annotation-driven />
    <context:component-scan base-package="com.robiulislam.sutdentspringmvc" />
   
    <bean id="dataSource"
          class="org.springframework.jdbc.datasource.DriverManagerDataSource"
          p:driverClassName="com.mysql.cj.jdbc.Driver"
          p:url="jdbc:mysql://localhost:3306/springcrud"
          p:username="root"
          p:password="1234"  />
    
     <bean id="jt" class="org.springframework.jdbc.core.JdbcTemplate">    
        <property name="dataSource" ref="dataSource"></property>    
    </bean> 
    
    
    <bean id="sd" class="com.robiulislam.sutdentspringmvc.dao.StudentDao">    
        <property name="jdbcTemplate" ref="jt"></property>    
    </bean>
    
    
     <bean id="urlMapping" class="org.springframework.web.servlet.handler.SimpleUrlHandlerMapping">
        <property name="mappings">
            <props>
                <prop key="index.html">indexController</prop>
            </props>
        </property>
    </bean>
    
     <bean name="indexController"
          class="org.springframework.web.servlet.mvc.ParameterizableViewController"
          p:viewName="index" />

    <bean id="viewResolver"
          class="org.springframework.web.servlet.view.InternalResourceViewResolver"
          p:prefix="/WEB-INF/jsp/"
          p:suffix=".jsp" />    
    
</beans>
